{
    "link": [
        {
            "name": "Twitter",
            "description": "@takusan__23",
            "href": "https://twitter.com/takusan__23"
        },
        {
            "name": "GitHub",
            "description": "takusan_23",
            "href": "https://github.com/takusan23"
        },
        {
            "name": "このサイトのソースコード",
            "description": "ziyuutyou-next",
            "href": "https://github.com/takusan23/ziyuutyou-next"
        },
        {
            "name": "Email",
            "description": "takusan_0913@yahoo.co.jp",
            "href": "mailto:takusan_0913@yahoo.co.jp"
        }
    ]
}